{"cameraMode":{"drawMode":0,"name":"Shaded","section":"Shading Mode"},"sceneLighting":false,"audioPlay":false,"sceneViewState":{"m_AlwaysRefresh":false,"showFog":true,"showSkybox":false,"showFlares":true,"showImageEffects":true,"showParticleSystems":true,"showVisualEffectGraphs":true,"m_FxEnabled":true},"in2DMode":false,"pivot":{"x":1.6981456279754639,"y":1.0170477628707886,"z":4.433736801147461},"rotation":{"x":-0.013802876695990563,"y":0.030590413138270379,"z":-0.00042605356429703534,"w":-0.9994451403617859},"size":3.602407693862915,"orthographic":false}