{"cameraMode":{"drawMode":0,"name":"Shaded","section":"Shading Mode"},"sceneLighting":false,"audioPlay":false,"sceneViewState":{"m_AlwaysRefresh":false,"showFog":true,"showSkybox":false,"showFlares":true,"showImageEffects":true,"showParticleSystems":true,"showVisualEffectGraphs":true,"m_FxEnabled":true},"in2DMode":false,"pivot":{"x":-0.8161996603012085,"y":0.7573584318161011,"z":-0.6399999856948853},"rotation":{"x":0.10024908185005188,"y":0.5088294148445129,"z":-0.05980627238750458,"w":0.852916955947876},"size":1.0246747732162476,"orthographic":false}